{
  "temp_reference": 30.0,
  "pit_lane_weight": 0.19912256764826822,
  "tires": {
    "SOFT": {
      "base_delta": -0.2577013241157629,
      "deg_linear": 0.07364869351294681,
      "deg_quad": 0.0009567947216353701,
      "temp_base": 0.00029997948705457394,
      "temp_age": 0.0003579566064018487
    },
    "MEDIUM": {
      "base_delta": 0.1032570332056232,
      "deg_linear": 0.007465350547974928,
      "deg_quad": 0.0007611396919952098,
      "temp_base": -0.0007615112800827678,
      "temp_age": 0.00017578211338654837
    },
    "HARD": {
      "base_delta": 0.15603935396684945,
      "deg_linear": -0.001980162529705875,
      "deg_quad": 0.0003541401875027413,
      "temp_base": -0.0002513693120076493,
      "temp_age": 0.00010070211155528894
    }
  },
  "track_tire_delta": {
    "Bahrain": {
      "SOFT": -0.08300247253253004,
      "MEDIUM": -0.0013296214636718258,
      "HARD": 0.14498271009725167
    },
    "COTA": {
      "SOFT": -0.11614818587672289,
      "MEDIUM": 0.00717717093081986,
      "HARD": 0.15558626053334085
    },
    "Monaco": {
      "SOFT": -0.12499133171411057,
      "MEDIUM": -0.010360455110833187,
      "HARD": 0.16272712353115557
    },
    "Monza": {
      "SOFT": -0.11436598265865826,
      "MEDIUM": -0.013591960411209508,
      "HARD": 0.14917057859061814
    },
    "Silverstone": {
      "SOFT": -0.10367752562978037,
      "MEDIUM": -0.01369049282648944,
      "HARD": 0.16576662745438211
    },
    "Spa": {
      "SOFT": -0.11373591225175067,
      "MEDIUM": 0.002682119107154912,
      "HARD": 0.15121616857988016
    },
    "Suzuka": {
      "SOFT": -0.11991343007270436,
      "MEDIUM": -0.016442664528114853,
      "HARD": 0.1561608600570836
    }
  },
  "driver_lap_bias": {
    "D001": -0.0010793161658741656,
    "D002": -0.0010003890774812638,
    "D003": -0.00017071909648698155,
    "D004": -0.00011035042299629733,
    "D005": 0.0,
    "D006": 0.0,
    "D007": 0.0,
    "D008": 0.0,
    "D009": 0.0,
    "D010": -0.00015199149053141364,
    "D011": -5.498639642761703e-05,
    "D012": 0.0011366745903150773,
    "D013": 0.0,
    "D014": 4.664357151427857e-05,
    "D015": 0.0,
    "D016": -0.0008476975280323506,
    "D017": 0.0,
    "D018": 0.0,
    "D019": 0.0,
    "D020": 0.0009001393582738835
  }
}