{
  "temp_reference": 30.0,
  "pit_lane_weight": 0.19912256764826822,
  "tires": {
    "SOFT": {
      "base_delta": -0.2577013241157629,
      "deg_linear": 0.07364869351294681,
      "deg_quad": 0.0009567947216353701,
      "temp_base": 0.00029997948705457394,
      "temp_age": 0.0003579566064018487
    },
    "MEDIUM": {
      "base_delta": 0.1032570332056232,
      "deg_linear": 0.007465350547974928,
      "deg_quad": 0.0007611396919952098,
      "temp_base": -0.0007615112800827678,
      "temp_age": 0.00017578211338654837
    },
    "HARD": {
      "base_delta": 0.15603935396684945,
      "deg_linear": -0.001980162529705875,
      "deg_quad": 0.0003541401875027413,
      "temp_base": -0.0002513693120076493,
      "temp_age": 0.00010070211155528894
    }
  },
  "track_tire_delta": {
    "Bahrain": {
      "SOFT": -0.08794169117607512,
      "MEDIUM": -0.0018371327518980002,
      "HARD": 0.14418876881882034
    },
    "COTA": {
      "SOFT": -0.1151143672674425,
      "MEDIUM": 0.007349863640397696,
      "HARD": 0.15538721937217032
    },
    "Monaco": {
      "SOFT": -0.12499133171411057,
      "MEDIUM": -0.010360455110833187,
      "HARD": 0.16272712353115557
    },
    "Monza": {
      "SOFT": -0.11436598265865826,
      "MEDIUM": -0.01795264166559307,
      "HARD": 0.14917057859061814
    },
    "Silverstone": {
      "SOFT": -0.10313548480854864,
      "MEDIUM": -0.01369049282648944,
      "HARD": 0.16556488686504842
    },
    "Spa": {
      "SOFT": -0.11228991762635626,
      "MEDIUM": 0.0018635066676622322,
      "HARD": 0.15310002870582512
    },
    "Suzuka": {
      "SOFT": -0.12033887715322546,
      "MEDIUM": -0.016442664528114853,
      "HARD": 0.1561608600570836
    }
  },
  "driver_lap_bias": {
    "D001": -0.0010054913883639888,
    "D002": -0.0009489381434182449,
    "D003": -0.00017071909648698155,
    "D004": -7.360800847786726e-05,
    "D005": 0.0,
    "D006": 0.0,
    "D007": 0.0,
    "D008": 0.0,
    "D009": 0.0,
    "D010": -0.0001430342072922654,
    "D011": -5.498639642761703e-05,
    "D012": 0.0011739610792682069,
    "D013": 0.0,
    "D014": 2.2517602985934206e-05,
    "D015": 0.0,
    "D016": -0.0008464407772880197,
    "D017": 0.0,
    "D018": 0.0,
    "D019": 0.0,
    "D020": 0.00047085347038345205
  }
}