{"feature_names": ["pit_count", "pit_lane", "pit_count_x_pitlane", "start_soft", "start_medium", "start_hard", "soft_laps", "medium_laps", "hard_laps", "soft_age", "medium_age", "hard_age", "first_pit", "second_pit", "temp", "temp_x_soft_age", "temp_x_medium_age", "temp_x_hard_age", "track_Bahrain", "track_COTA", "track_Monaco", "track_Monza", "track_Silverstone", "track_Spa", "track_Suzuka", "driver_D001", "driver_D002", "driver_D003", "driver_D004", "driver_D005", "driver_D006", "driver_D007", "driver_D008", "driver_D009", "driver_D010", "driver_D011", "driver_D012", "driver_D013", "driver_D014", "driver_D015", "driver_D016", "driver_D017", "driver_D018", "driver_D019", "driver_D020"], "weights": [2.915361844511078, 0.0, -0.2541967759342963, -0.22117916807015287, 0.25853211314634583, 0.6607540675210851, -9.527124349156566, 0.4110009792909971, 8.116725272945594, 41.80344001452101, 17.30857477466027, 4.2183970775799455, -0.7655729994996274, 0.09549625739407239, 0.0, 47.42840812513335, 21.967433406058753, 12.55987368633428, 0.0, 0.0, 0.0, 0.0, 0.0, 0.0, 0.0, 0.7706402546668087, 0.6012312670789067, 0.4567303403537464, 0.17019187993824125, 0.5101991030851467, 0.5036754744804898, 0.6468044275974001, 0.5901384469887019, 0.6144038812117898, 0.5226513278595969, 0.7078618056408215, 0.4037805538988771, 0.4708036992708816, 0.745629140976213, 0.43355332384593204, 0.6771657435824951, 0.4846003471397147, 0.48177486265270575, 0.5555402268616757, 0.6371600768631447], "score_on_tests": 1}